USE petsdb;

CREATE TABLE IF NOT EXISTS employees (
    `EmployeeID` INT NOT NULL,
    `EmployeeFName` VARCHAR(20),
    `EmployeeLName` VARCHAR(20),
    `Title` VARCHAR(20),
    `Wage` INT,
    PRIMARY KEY(EmployeeID)
);
INSERT INTO Employees VALUES
    (1,'Denise','Nero','Associate',10),
    (2,'Austin','Nayda','Associate',10),
    (3,'Tate','Jana','Associate',10),
    (4,'Jennifer','Chester','Associate',10),
    (5,'Sage','Hashim','Associate',10),
    (6,'Urielle','Aristotle','Associate',10),
    (7,'Arden','Noelani','Supervisor',15),
    (8,'Castor','Anne','Associate',10),
    (9,'Hedy','Brianna','Associate',10),
    (10,'Jade','Tiger','Associate',10),
    (11,'Jocelyn','Griffith','Associate',10),
    (12,'Davis','Mufutau','Associate',10),
    (13,'Lillian','Nissim','Associate',10),
    (14,'Hilary','Catherine','Supervisor',15),
    (15,'Jordan','Gillian','Associate',10),
    (16,'Ivory','Lana','Associate',10),
    (17,'Hilary','Holmes','Associate',10),
    (18,'Ora','Lars','Associate',10),
    (19,'Flynn','Zena','Associate',10),
    (20,'Hanae','Giacomo','Associate',10),
    (21,'Blair','Noelle','Supervisor',15),
    (22,'August','Barry','Associate',10),
    (23,'Sasha','Erich','Associate',10),
    (24,'Mason','Brock','Associate',10);



CREATE TABLE IF NOT EXISTS owners (
    `OwnerID` INT NOT NULL,
    `OwnerFName` VARCHAR(9),
    `OwnerLName` VARCHAR(9),
    `HouseNumber` INT,
    `Street` VARCHAR(31),
    `City` VARCHAR(30),
    `State` VARCHAR(7),
    `zip_code` INT,
    `phone_number` VARCHAR(14),
    Primary key(OwnerID)
);
INSERT INTO Owners VALUES
    (1,'Wing','Nigel',9,'Dudzele St.','Terrance','Indiana',14748,'1-484-774-2115'),
    (2,'Roth','Kelly',20,'Haut-Ittre St.','Terrance','Indiana',75093,'1-263-713-9949'),
    (3,'Victor','Ian',60,'Breton St.','Terrance','Indiana',29346,'1-947-955-7259'),
    (4,'Adam','Micah',15,'Krasnogorsk St.','Terrance','Indiana',75783,'1-198-136-5760'),
    (5,'Sawyer','Uriah',616,'Pereira St.','Terrance','Indiana',64886,'1-463-785-4263'),
    (6,'Wang','Hilel',135,'Vlimmeren St.','Terrance','Indiana',38915,'1-690-616-0134'),
    (7,'Holmes','Eaton',4661,'Sint-Gillis-bij-Dendermonde St.','Terrance','Indiana',81656,'1-866-518-5503'),
    (8,'Daniel','Wyatt',135,'Dallas St.','Terrance','Indiana',61653,'1-802-758-6346'),
    (9,'Marshall','Rudyard',945,'Manokwari St.','Terrance','Indiana',64765,'1-229-129-7025'),
    (10,'Hop','Austin',9007,'Saint-Nicolas St.','Terrance','Indiana',42132,'1-795-114-7477'),
    (11,'Merritt','Kieran',123,'León St.','York','Indiana',68691,'1-627-833-3437'),
    (12,'Arden','Judah',468,'Dreieich St.','Racine','Indiana',90314,'1-665-336-9994'),
    (13,'Tyrone','Evan',1395,'Ottawa St.','Lampertheim','Indiana',36831,'1-945-103-9886'),
    (14,'Peter','Orson',314,'Kenosha St.','Butzbach','Indiana',74184,'1-146-938-0526'),
    (15,'Mark','Boris',15,'Merrickville-Wolford St.','Naumburg','Indiana',86233,'1-941-161-6891'),
    (16,'Clayton','Jasper',355,'Marcq-en-Baroeul St.','Dallas','Indiana',91096,'1-540-697-3701'),
    (17,'Amir','Raymond',124,'Pieve di Cadore St.','San Damiano al Colle','Indiana',79957,'1-738-225-7737'),
    (18,'Paul','Craig',135,'Port Coquitlam St.','Saint-Denis','Indiana',75166,'1-388-956-8129'),
    (19,'Keefe','Tad',165,'Hassan St.','Saint-Denis','Indiana',53666,'1-943-675-5235'),
    (20,'Hilel','Talon',1451,'Duncan St.','Saint-Denis','Indiana',20040,'1-103-667-1626'),
    (21,'Alfonso','Avram',1478,'Leers-et-Fosteau St.','Saint-Denis','Indiana',36254,'1-459-787-2709'),
    (22,'Mason','Bruno',968,'Cicagna St.','Saint-Denis','Indiana',44692,'1-642-491-5276'),
    (23,'David','Ulric',755,'Tarma St.','Velaine-sur-Sambre','Indiana',15094,'1-697-259-5753'),
    (24,'Hyatt','Philip',1071,'Plainevaux St.','Manizales','Indiana',76859,'1-728-755-3450'),
    (25,'Salvador','Travis',244,'Romford St.','Futrono','Indiana',79826,'1-743-610-4985'),
    (26,'Phelan','Brett',1207,'Thurso St.','Port Hope','Indiana',71927,'1-192-454-3629'),
    (27,'Tyrone','Benjamin',108,'Kapfenberg St.','Dilbeek','Indiana',91780,'1-673-971-5938'),
    (28,'Palmer','Dylan',1299,'Dieppe St.','Eschwege','Indiana',40484,'1-104-186-4604'),
    (29,'Sebastian','Wade',757,'San Donato di Ninea St.','Fort Wayne','Indiana',15021,'1-648-383-2491'),
    (30,'Wing','George',237,'Spittal an der Drau St.','Częstochowa','Indiana',60670,'1-778-415-1908'),
    (31,'Lewis','Russell',1527,'Kotelniki St.','Brussel X-Luchthaven Remailing','Indiana',75059,'1-210-329-2612'),
    (32,'Dexter','Walter',1077,'Whithorn St.','Palagano','Indiana',96551,'1-357-945-2600'),
    (33,'Benedict','Igor',522,'Belgaum St.','Palagano','Indiana',61329,'1-412-662-0807'),
    (34,'Reed','Nehru',1329,'Grantham St.','Palagano','Indiana',97436,'1-974-765-9200'),
    (35,'Jonah','David',1541,'Amroha St.','Palagano','Indiana',81045,'1-691-875-0280'),
    (36,'Hakeem','Tarik',416,'Fogliano Redipuglia St.','Palagano','Indiana',65668,'1-400-288-5345'),
    (37,'Aladdin','Jackson',1510,'Delta St.','Palagano','Indiana',21543,'1-316-476-6213'),
    (38,'Hayes','Yardley',780,'BiercŽe St.','Palagano','Indiana',42997,'1-189-493-0779'),
    (39,'Cairo','Jin',1428,'Nova Iguaçu St.','Palagano','Indiana',89931,'1-124-370-2599'),
    (40,'Oliver','Abraham',357,'Preston St.','Palagano','Indiana',66127,'1-390-504-1857'),
    (41,'Kadeem','Brian',797,'Veenendaal St.','Palagano','Indiana',64494,'1-814-105-3639'),
    (42,'Alvin','Ferdinand',632,'Tlaquepaque St.','Palagano','Indiana',80913,'1-923-499-8780'),
    (43,'Melvin','Blaze',1119,'Brighton St.','Hyderabad','Indiana',21984,'1-751-912-9401'),
    (44,'Macaulay','Amos',428,'Ragnies St.','Sint-Pauwels','Indiana',88090,'1-149-839-1351'),
    (45,'Nathaniel','Kennedy',1151,'Cannalonga St.','Kollam','Indiana',95243,'1-749-891-6966'),
    (46,'Zachery','Brandon',230,'Chatteris St.','Lahore','Indiana',62216,'1-841-790-4628'),
    (47,'Walker','Wang',1149,'Chartres St.','Knokke-Heist','Indiana',18391,'1-346-278-9699'),
    (48,'Zeus','Matthew',1316,'Muzzafarabad St.','Wondelgem','Indiana',98727,'1-558-531-2373'),
    (49,'Brenden','Jermaine',836,'Serrungarina St.','Jambi','Indiana',55636,'1-145-529-7807'),
    (50,'Thor','Raphael',1302,'Göksun St.','Córdoba','Indiana',48588,'1-512-253-2149'),
    (51,'Hu','Zachery',1418,'Bellingen St.','Newark','Indiana',93395,'1-811-116-3547'),
    (52,'Allen','Neville',777,'Barchi St.','Nieuwenrode','Indiana',72462,'1-771-712-4439'),
    (53,'Wade','Chase',695,'Montaldo Bormida St.','Starodub','Indiana',74013,'1-191-972-9760'),
    (54,'Simon','Clinton',1017,'Dolembreux St.','Francofonte','Indiana',69302,'1-345-390-6246'),
    (55,'Ethan','Brock',656,'Lang St.','Anderlues','Indiana',86700,'1-137-446-9902'),
    (56,'Isaiah','Lamar',1091,'Terragnolo St.','Kollam','Indiana',26164,'1-372-426-5072'),
    (57,'Garrison','Avram',1339,'Shawville St.','Gloucester','Indiana',51207,'1-920-316-3046'),
    (58,'Lucian','Charles',263,'Bankura St.','Vieste','Indiana',89782,'1-545-307-3999'),
    (59,'Demetrius','Beau',1490,'Sesto al Reghena St.','Burnie','Indiana',58998,'1-303-182-0672'),
    (60,'Kuame','Hall',706,'Donstiennes St.','Orai','Indiana',54666,'1-665-750-4887'),
    (61,'Myles','Fritz',1282,'Pointe-aux-Trembles St.','Provost','Indiana',95061,'1-527-731-1855'),
    (62,'Kennedy','Keane',856,'Tuticorin St.','Kollam','Indiana',72683,'1-250-219-8608'),
    (63,'Channing','Kenyon',367,'La Florida St.','Andenne','Indiana',35005,'1-374-691-0168'),
    (64,'Dustin','Rahim',1511,'Hull St.','Joncret','Indiana',47931,'1-550-860-1843'),
    (65,'Richard','Herrod',448,'Yekaterinburg St.','Guaitecas','Indiana',83904,'1-597-681-8942'),
    (66,'Emery','Len',10,'Cetara St.','Kharabali','Indiana',26073,'1-400-313-3617'),
    (67,'Ignatius','Coby',1406,'Dole St.','Satna','Indiana',54746,'1-283-590-2047'),
    (68,'Branden','Jason',862,'Bhubaneswar St.','Rock Springs','Indiana',61981,'1-925-603-2549'),
    (69,'Geoffrey','Aladdin',1464,'Grobbendonk St.','Rock Springs','Indiana',25519,'1-205-122-9391'),
    (70,'Gray','Wing',1113,'Swan Hill St.','Rock Springs','Indiana',84080,'1-256-754-8275'),
    (71,'Bruno','Hop',463,'Kisi St.','Rock Springs','Indiana',32197,'1-891-357-1730'),
    (72,'Brody','Forrest',1441,'Mesa St.','Rock Springs','Indiana',59045,'1-994-390-8790'),
    (73,'Philip','Lionel',624,'Bloomington St.','Rock Springs','Indiana',14228,'1-691-812-2545'),
    (74,'Tucker','Marvin',100,'Warspite St.','Rock Springs','Indiana',74552,'1-364-633-7438'),
    (75,'Norman','Ishmael',1180,'Drumheller St.','Rock Springs','Indiana',77752,'1-300-300-2278'),
    (76,'Moses','Levi',877,'Mandi Bahauddin St.','Rock Springs','Indiana',66144,'1-983-249-3644'),
    (77,'James','Caesar',982,'Mitú St.','Rock Springs','Indiana',83587,'1-141-609-5303'),
    (78,'Charles','Erich',318,'Columbia St.','Rock Springs','Indiana',16774,'1-721-679-1611'),
    (79,'Cain','Lawrence',631,'Reyhanlı St.','Sogliano Cavour','Indiana',39673,'1-127-981-1901'),
    (80,'Daniel','Lamar',1491,'Joliet St.','Gagliato','Indiana',64564,'1-531-568-4267'),
    (81,'Uriah','Ralph',1509,'Surrey St.','St. Austell','Indiana',43615,'1-465-940-1722'),
    (82,'Noble','Talon',1323,'Pedace St.','Cochin','Indiana',28101,'1-946-705-7730'),
    (83,'Kennan','Timon',458,'Saint-GŽry St.','Civitacampomarano','Indiana',44579,'1-171-678-7620'),
    (84,'Orlando','Tanner',520,'Llanwrtwd Wells St.','Leicester','Indiana',95293,'1-886-843-6589'),
    (85,'Keane','Russell',12,'Sim St.','Newark','Indiana',91151,'1-865-668-4032'),
    (86,'Boris','Zachary',1140,'Cumnock St.','Monte Vidon Corrado','Indiana',54492,'1-331-208-0166'),
    (87,'Clarke','Abbot',1399,'Varanasi St.','Kollam','Indiana',62396,'1-202-243-2376'),
    (88,'Ishmael','Knox',116,'Katihar St.','Augsburg','Indiana',86886,'1-798-171-5790'),
    (89,'Isaiah','Len',1367,'Fort William St.','Acquafondata','Indiana',32821,'1-849-834-5680'),
    (90,'Yuli','Kyle',500,'Hulste St.','Malbaie','Indiana',56987,'1-224-946-2950'),
    (91,'Todd','Wylie',1101,'Spermalie St.','Santa Juana','Indiana',65267,'1-201-953-6231'),
    (92,'Phillip','Derek',1541,'Charny St.','GŽrouville','Indiana',96106,'1-829-377-8349'),
    (93,'Hector','Xavier',393,'Burnie St.','Raurkela','Indiana',14842,'1-223-488-9205'),
    (94,'Patrick','Dalton',436,'Hull St.','Sint-Denijs','Indiana',32687,'1-105-734-9733'),
    (95,'Jeremy','Howard',815,'Banda St.','Sint-Denijs','Indiana',47214,'1-556-296-8938'),
    (96,'Kirk','Noble',972,'Morwell St.','Sint-Denijs','Indiana',59728,'1-667-286-5878'),
    (97,'Yuli','Todd',587,'Oppido Mamertina St.','Sint-Denijs','Indiana',78737,'1-703-947-7727'),
    (98,'Dolan','Upton',933,'Warspite St.','Kaluga','Indiana',95846,'1-627-283-5034'),
    (99,'Wing','Emery',1169,'Pictou St.','Genova','Indiana',95427,'1-693-595-3937');


CREATE TABLE IF NOT EXISTS pets (
    `PetID` INT NOT NULL,
    `PetName` VARCHAR(11),
    `Type` VARCHAR(3),
    `OwnerID` INT,
    PRIMARY KEY(PetID),
    Foreign Key(OwnerID) references owners(OwnerID)
    );
    
INSERT INTO pets VALUES
    (1,'Trooper','Dog',33),
    (2,'Lacy','Cat',48),
    (3,'Pecan','Cat',61),
    (4,'Ferris','Dog',39),
    (5,'Maxwell','Dog',77),
    (6,'Hudson','Dog',67),
    (7,'Bebop','Dog',3),
    (8,'Kirby','Dog',50),
    (9,'Scar','Cat',86),
    (10,'Menace','Cat',82),
    (11,'Ozzy','Dog',91),
    (12,'Dodger','Cat',75),
    (13,'Cosby','Cat',73),
    (14,'Inca','Cat',53),
    (15,'Buck','Cat',66),
    (16,'Willow','Cat',8),
    (17,'Caligula','Cat',89),
    (18,'Turkey','Cat',13),
    (19,'Ramone','Cat',18),
    (20,'Orchid','Cat',69),
    (21,'Scarecrow','Dog',89),
    (22,'Payton','Dog',56),
    (23,'Acorn','Dog',64),
    (24,'Daze','Cat',51),
    (25,'Puma','Dog',90),
    (26,'Nelly','Cat',57),
    (27,'Zoom','Dog',31),
    (28,'Pine','Cat',66),
    (29,'Pumpkin','Cat',85),
    (30,'Pong','Dog',61),
    (31,'Mustang','Cat',62),
    (32,'Lily','Cat',30),
    (33,'Rico','Dog',25),
    (34,'Remy','Dog',2),
    (35,'Pentium','Cat',27),
    (36,'Trooper','Dog',2),
    (37,'Dojo','Cat',16),
    (38,'Puma','Dog',83),
    (39,'Shredder','Cat',25),
    (40,'Critter','Cat',63),
    (41,'Nimble','Cat',66),
    (42,'Puff','Dog',91),
    (43,'Lemming','Dog',28),
    (44,'Ruxpin','Dog',15),
    (45,'Creepy','Dog',71),
    (46,'Lava','Cat',51),
    (47,'Bach','Cat',88),
    (48,'Hyper','Cat',69),
    (49,'Kanye','Dog',81),
    (50,'Hobbes','Cat',64),
    (51,'Grant','Dog',1),
    (52,'Angelina','Dog',45),
    (53,'Mambo','Cat',38),
    (54,'Tenchi','Cat',55),
    (55,'Dread','Cat',43),
    (56,'Colton','Dog',6),
    (57,'Daisy','Dog',80),
    (58,'Rain','Dog',40),
    (59,'Kane','Cat',59),
    (60,'Madonna','Cat',35),
    (61,'Harry','Dog',74),
    (62,'Flare','Dog',94),
    (63,'Arctic','Dog',7),
    (64,'Darwin','Cat',1),
    (65,'Misty','Dog',4),
    (66,'Cosmo','Dog',59),
    (67,'Sinbad','Cat',63),
    (68,'Slick','Dog',83),
    (69,'Snare','Cat',80),
    (70,'Motor','Dog',17),
    (71,'Chase','Cat',49),
    (72,'Ox','Dog',69),
    (73,'Margaret','Dog',14),
    (74,'Bruno','Cat',24),
    (75,'Tug','Cat',76),
    (76,'Vice','Dog',19),
    (77,'Magellan','Dog',93),
    (78,'Hex','Cat',59),
    (79,'Adobe','Cat',82),
    (80,'Dancer','Dog',63),
    (81,'Neutron','Dog',60),
    (82,'Caramel','Dog',3),
    (83,'Argus','Cat',25),
    (84,'Gusto','Cat',91),
    (85,'Motor','Cat',68),
    (86,'Porter','Cat',81),
    (87,'Snowball','Dog',52),
    (88,'Charlemagne','Dog',12),
    (89,'Aura','Cat',55),
    (90,'Thermal','Dog',80),
    (91,'Haiku','Cat',75),
    (92,'Arty','Dog',95),
    (93,'Bonsai','Cat',96),
    (94,'Quill','Dog',92),
    (95,'Mimi','Cat',67),
    (96,'Noreaga','Dog',24),
    (97,'Sour','Dog',71),
    (98,'Thelma','Dog',82),
    (99,'Titan','Dog',21);



CREATE TABLE IF NOT EXISTS petsdb.services (
    `ServiceID` INT,
    `ServiceName` VARCHAR(15),
    `Price` INT,
    PRIMARY KEY(ServiceID)
);
INSERT INTO Services VALUES
    (1,'Bath',15),
    (2,'Haircut',30),
    (3,'Nail trimming',15),
    (4,'Anal gland',25),
    (5,'Ear Cleaning',10),
    (6,'Pad shaving',10),
    (7,'CT scans',150),
    (8,'Pet training',150),
    (9,'Pet siting',65);
    
    #SET FOREIGN_KEY_CHECKS =1;
    #SET GLOBAL FOREIGN_KEY_CHECKS =1;  
    
    CREATE TABLE IF NOT EXISTS invoices (
    `InvoiceNumber` INT,
    `PetID` INT,
    `OwnerID` INT,
    `ServiceID` INT,
    `EmployeeID` INT,
    `Date` DATETIME,
    `Payment` INT,
    PRIMARY KEY(InvoiceNumber),
	CONSTRAINT FK00 Foreign key(PetID) references pets(PetID),
   CONSTRAINT FK01 Foreign Key(OwnerID) references owners(OwnerID),
    CONSTRAINT FK02 Foreign Key(ServiceID) references services(ServiceID),
    CONSTRAINT FK03 Foreign Key(EmployeeID) references employees(EmployeeID)
 );
INSERT INTO Invoices VALUES
    (8106507,3,61,5,23,'2019-05-30 00:00:00',10),
    (9632582,9,86,3,20,'2019-03-16 00:00:00',15),
    (9132762,35,27,3,13,'2019-07-03 00:00:00',15),
    (2052040,100,88,2,20,'2019-09-27 00:00:00',30),
    (3239655,92,95,5,14,'2019-05-24 00:00:00',10),
    (1576187,50,64,1,21,'2019-11-21 00:00:00',15),
    (6819098,29,85,5,9,'2020-11-19 00:00:00',10),
    (4393817,20,69,5,12,'2019-07-22 00:00:00',10),
    (1247996,29,85,5,5,'2020-05-15 00:00:00',10),
    (6102274,17,89,1,3,'2020-07-09 00:00:00',15),
    (6334784,66,59,1,1,'2020-10-11 00:00:00',15),
    (8193327,52,45,2,20,'2020-11-24 00:00:00',30),
    (4231510,95,67,3,13,'2019-03-26 00:00:00',15),
    (8737997,20,69,6,22,'2019-06-30 00:00:00',10),
    (2987407,21,89,6,21,'2019-05-29 00:00:00',10),
    (5206504,21,89,3,4,'2019-12-05 00:00:00',15),
    (4027714,96,24,3,13,'2020-06-04 00:00:00',15),
    (5672316,5,77,5,24,'2020-03-31 00:00:00',10),
    (1906038,21,89,6,16,'2020-08-01 00:00:00',10),
    (3481238,91,75,6,17,'2019-11-18 00:00:00',10),
    (2945335,38,83,2,21,'2021-02-02 00:00:00',30),
    (5651119,38,83,2,17,'2020-10-13 00:00:00',30),
    (8306723,33,25,4,24,'2020-05-09 00:00:00',25),
    (8310505,97,71,3,19,'2019-11-24 00:00:00',15),
    (3843177,69,80,2,18,'2020-06-05 00:00:00',30),
    (8235446,11,91,3,3,'2020-11-30 00:00:00',15),
    (4324194,58,40,8,20,'2020-09-11 00:00:00',150),
    (4440925,34,2,3,12,'2019-11-25 00:00:00',15),
    (9556725,55,43,5,15,'2019-07-03 00:00:00',10),
    (7283786,35,27,5,15,'2020-02-24 00:00:00',10),
    (9156918,77,93,10,17,'2019-05-19 00:00:00',400),
    (5162956,54,55,2,10,'2020-03-28 00:00:00',30),
    (6608092,55,43,3,25,'2020-11-29 00:00:00',15),
    (3679307,96,24,2,12,'2019-11-05 00:00:00',30),
    (4151909,82,3,1,6,'2019-07-03 00:00:00',15),
    (6601368,72,69,9,21,'2020-08-31 00:00:00',65),
    (5058736,38,83,2,21,'2020-09-05 00:00:00',30),
    (7212138,23,64,4,7,'2020-10-09 00:00:00',25),
    (9767079,8,50,6,22,'2019-10-26 00:00:00',10),
    (5065990,8,50,5,17,'2019-10-17 00:00:00',10),
    (2350732,24,51,3,11,'2019-11-14 00:00:00',15),
    (7927559,20,69,5,11,'2020-04-18 00:00:00',10),
    (5244559,85,68,6,24,'2020-10-12 00:00:00',10),
    (7292367,54,55,7,16,'2019-11-10 00:00:00',150),
    (4031168,100,88,5,10,'2020-01-30 00:00:00',10),
    (1028545,49,81,6,22,'2019-09-23 00:00:00',10),
    (5902308,63,7,4,20,'2020-03-21 00:00:00',25),
    (4887526,83,25,1,9,'2020-04-13 00:00:00',15),
    (8365604,77,93,3,13,'2020-12-29 00:00:00',15),
    (6110560,49,81,8,18,'2019-09-01 00:00:00',150),
    (1914157,65,4,2,5,'2019-10-03 00:00:00',30),
    (3772994,96,24,6,18,'2020-09-21 00:00:00',10),
    (5020329,35,27,9,19,'2020-01-25 00:00:00',65),
    (9758443,89,55,3,22,'2021-01-28 00:00:00',15),
    (4647325,19,18,1,17,'2019-12-20 00:00:00',15),
    (3660635,66,59,6,24,'2020-01-07 00:00:00',10),
    (2295045,37,16,6,24,'2020-10-16 00:00:00',10),
    (3496849,35,27,10,17,'2020-05-07 00:00:00',400),
    (6772092,55,43,5,11,'2021-02-12 00:00:00',10),
    (4254818,87,52,6,16,'2020-07-07 00:00:00',10),
    (2162086,32,30,5,19,'2020-07-09 00:00:00',10),
    (5285347,90,80,8,16,'2019-04-09 00:00:00',150),
    (2044680,34,2,5,17,'2020-01-08 00:00:00',10),
    (5944231,78,59,1,18,'2019-12-09 00:00:00',15),
    (5647689,6,67,9,20,'2020-01-19 00:00:00',65),
    (3809342,56,6,5,15,'2020-04-10 00:00:00',10),
    (8043677,13,73,3,18,'2020-11-12 00:00:00',15),
    (9391208,2,48,1,16,'2019-10-28 00:00:00',15),
    (4181009,27,31,1,1,'2019-07-22 00:00:00',15),
    (3078706,4,39,7,22,'2020-10-04 00:00:00',150),
    (2845402,1,33,2,24,'2020-12-18 00:00:00',30),
    (6243812,17,89,5,4,'2020-06-28 00:00:00',10),
    (7932518,10,82,8,3,'2019-03-11 00:00:00',150),
    (1212009,9,86,5,17,'2020-12-24 00:00:00',10),
    (8391221,52,45,6,21,'2021-02-12 00:00:00',10),
    (4106606,44,15,10,10,'2020-05-14 00:00:00',400),
    (9398435,97,71,2,5,'2020-01-29 00:00:00',30),
    (8669938,64,1,1,14,'2019-10-07 00:00:00',15),
    (9129873,51,1,5,18,'2020-09-23 00:00:00',10),
    (2710470,87,52,3,2,'2020-04-27 00:00:00',15),
    (7387343,28,66,7,16,'2020-07-15 00:00:00',150),
    (8511589,70,17,5,3,'2019-06-30 00:00:00',10),
    (4410451,6,67,2,11,'2020-10-04 00:00:00',30),
    (5586077,85,68,4,19,'2019-09-18 00:00:00',25),
    (7882241,33,25,3,2,'2019-12-12 00:00:00',15),
    (6821936,4,39,8,25,'2020-05-10 00:00:00',150),
    (7056769,69,80,5,7,'2020-09-05 00:00:00',10),
    (5123413,94,92,2,20,'2020-10-27 00:00:00',30),
    (3535950,81,60,4,17,'2019-03-27 00:00:00',25),
    (6920400,93,96,9,23,'2019-08-13 00:00:00',65),
    (8571411,60,35,2,8,'2021-03-03 00:00:00',30),
    (5745448,59,59,3,23,'2019-07-19 00:00:00',15),
    (4371174,54,55,2,23,'2020-01-20 00:00:00',30),
    (4837383,19,18,10,13,'2019-08-24 00:00:00',400),
    (3497855,6,67,1,7,'2019-07-26 00:00:00',15),
    (3332219,94,92,3,1,'2019-08-16 00:00:00',15),
    (5603398,4,39,1,22,'2019-05-28 00:00:00',15),
    (8985128,94,92,4,20,'2019-12-20 00:00:00',25),
    (1611616,9,86,8,15,'2020-08-21 00:00:00',150);



